TaxpayerID,Name,PAN,DateOfBirth,Contact,Address
1,Karen Flowers,F881899G6004,2001-02-09,001-773-864-4058x870,"50157 Katherine Stravenue, West Daniel, NC 56247"
2,Jessica Luna,G532482W2003,1974-01-18,864.264.8729x3957,"6020 Newton Passage, New Taylor, NJ 70610"
3,Michael Hogan,Z150170M3771,1979-09-22,317.688.4933,"Unit 1325 Box 0825, DPO AA 38400"
4,Emily Oliver,F259738Y9552,1967-09-08,(293)232-0188x380,"07205 Scott Throughway, Robertton, AS 86056"
5,Nicole Clark,Q975647Y8721,2006-09-07,+1-547-789-6567x518,"74404 Mcmahon Manors Apt. 212, New Jennifer, MO 68949"
6,Tim Roth,N498173Z5552,1960-04-19,001-227-305-9846x08189,"8494 Hudson Plain, Jennifermouth, GU 40412"
7,Bryan Solis,U632490Y5594,1976-08-20,001-498-702-1320x4438,"43803 Gray Passage, Millershire, SC 00642"
8,Kayla Martin,X299559L2518,1993-12-12,659-268-1801x2028,"41749 Cunningham Mill, Lake Adam, FL 53385"
9,Brandon Jones,Q117923H3229,1959-03-14,+1-337-639-8662x31613,"163 Sanchez Manors, East Brian, MN 69967"
10,Andrea Jones,O991437L1099,1964-06-01,+1-687-733-7900x147,"Unit 6039 Box 6721, DPO AE 65952"
11,Melissa Phelps,C931223C6862,2005-06-20,977-687-3892x889,"37503 Moyer Path Suite 136, Brianchester, OH 61396"
12,Kyle Walker,S109419S3080,1976-09-26,+1-640-758-2165x56897,"0094 Laura Extensions, West Brian, AL 19105"
13,Walter Henson,T433771V2078,2003-12-22,001-578-580-3961x131,"475 Smith Grove Apt. 686, Port Maureen, DC 34237"
14,Daniel Russell,S174094A4519,1997-08-21,874-934-5328x7069,"USS Hammond, FPO AA 16918"
15,Jeffrey Rodriguez,G311908P6951,2003-02-25,205.974.4896x57410,"41672 Phillips Gateway Suite 211, Boydmouth, MS 80149"
16,Nicole Grimes,Y987961Q5941,1969-01-14,203.905.8017x93353,"120 Foster Bridge Suite 461, North Johnton, NM 64244"
17,Anna Wilkerson,T283952K5778,1952-06-30,(835)407-3156x8182,"USCGC Reed, FPO AP 66123"
18,Calvin Roach,B887935H7258,1992-03-15,296-561-9356x729,"Unit 3955 Box 1413, DPO AE 83825"
19,Brian Walker,V255139X1076,1951-02-16,+1-723-771-8179x598,"932 Alyssa Orchard, North Angela, PW 81553"
20,Andrea Mcintyre,I138171B1159,1975-06-17,6749169139,"897 Hodges Manors Apt. 657, Lake Rita, WY 18007"
21,Joshua Rivera,Z664862B8507,1981-06-28,2376480309,"795 Adams Ridge Apt. 043, Edwinshire, CA 13203"
22,Elizabeth Mills,U950466A2148,1981-05-31,7208723735,"24408 Chase Square, Jeffreyview, ND 57651"
23,Eric Carpenter,Q935670O1256,1982-05-27,416-200-5279x88748,"PSC 9171, Box 7747, APO AP 47262"
24,Jason Wade,P619330G7231,1952-01-28,+1-959-982-0206x408,"3265 Hill Coves Suite 803, East Leslieview, WA 72288"
25,Timothy Jones,P450108M3050,2004-11-04,+1-268-890-2759x1145,"993 Deborah Ports, North Haley, WA 42790"
26,Joseph Wilson,X347465X9638,1956-07-19,(984)239-6688x194,"2235 Andrew Square, New Anthonyland, PA 46039"
27,David Yates,W766760D9147,1954-06-04,287.881.7330x326,"298 Rachel Parkways Apt. 217, New Peggyfurt, CO 08036"
28,Roger Morgan,A202314U3830,1998-07-12,493-849-1759x291,"8029 Julie Drives Suite 724, Morganbury, MH 52133"
29,Brian Whitehead,K127023W9833,1974-05-28,575-607-7578,"296 Sharon Green, Port Cheryl, CT 51887"
30,Catherine Garcia,P321772I8911,1970-07-08,8567305515,"943 Jessica Lock Suite 732, North Robertville, MS 07503"
31,Stuart Lee,V279158Q1813,2001-02-27,+1-611-878-7436x697,"4667 Louis Ridge, Kimberlyburgh, TX 05588"
32,Robin Wilson,M598696A4953,1962-07-18,001-208-329-1587x10309,"426 Tanner Radial, Kristinchester, NE 33236"
33,Walter Stewart,Z860133R9197,1986-09-25,678.246.7866,"017 Lindsay Squares, Lake Stephanie, OK 94596"
34,Paul Perez,C577815K2727,1994-10-08,(564)468-8148,"0393 Thomas Ford, North Angelaside, MO 85793"
35,Brian Kim,F151958S7232,1966-11-19,2632599940,"33814 Nguyen Lake Apt. 982, Nataliehaven, MI 49643"
36,Jacqueline Peterson,G662236P7345,1983-03-12,932.547.3647x96400,"061 Smith Tunnel Suite 892, East Kevinview, PA 01324"
37,Victoria Walsh,F563259T5752,1973-08-06,(873)416-5459x24288,"3988 Martinez Plains Suite 896, North Brittanyville, SD 85742"
38,Jennifer Huber,J621290E9042,2003-04-07,001-715-595-2389x98008,"PSC 9152, Box 2528, APO AP 69893"
39,Brent Joyce,O584265H1858,1984-08-25,001-680-795-3131,"Unit 6500 Box 3491, DPO AA 29145"
40,Christopher Brown,T601047E6539,1973-10-26,389.638.5867x9845,"6359 Theresa Views, West Jamesborough, CT 92673"
41,Amy Bowman,F642288U4303,1955-03-24,959.853.2540,"780 Medina Drive Suite 555, North Shaun, GU 27111"
42,Dr. Heather Ruiz,B496076P2391,2004-08-22,001-560-431-5753x88149,"37578 Jennifer Unions Suite 136, Whiteport, PW 94174"
43,Joseph Garcia,T908052R3247,2004-02-16,001-841-336-5733x968,"121 Meredith Shore, Wilsonfurt, CA 83884"
44,Javier Zimmerman,K772728R2687,1954-08-16,001-529-631-9078x1953,"USS Garcia, FPO AE 70790"
45,Joshua Hoffman,A389205F1579,1948-11-07,(379)874-8775x57326,"26367 Charles Lights, Vaughanside, IA 06926"
46,Eric Myers,L564440K5636,1993-02-07,+1-972-875-6653x058,"1629 David Center Suite 404, East Erica, CT 63774"
47,Ryan Coleman,D212158G8354,1980-12-31,+1-283-884-5173x5428,"997 Scott Lock, Kristinshire, PR 69448"
48,Dr. Eugene Hart,X563477Z4075,1960-09-22,+1-339-934-5008x29937,"8182 Reynolds Burg Suite 376, Lake Hectorburgh, VA 13880"
49,Tammy Clayton,L733701W7258,1964-06-21,+1-474-578-6357x66205,"USNV Young, FPO AE 23676"
50,Lori Park,A868851G4787,1992-05-01,951-469-0378,"2889 Kevin Viaduct Suite 211, Johnsonbury, PW 50792"
51,Jennifer Lee,K840515V1731,1957-12-08,(662)532-9481,"66786 Mitchell Orchard Suite 202, Robinsonside, NJ 37377"
52,Brian Weber,J436544F8994,1975-08-29,(255)815-9085x8959,"30745 Sosa Mews, Thompsonfurt, PW 98999"
53,James Wheeler,W709931J4953,1990-01-14,(411)784-4897x4909,"1015 Christina Cove Apt. 642, West Nathan, AR 23087"
54,Willie Hernandez,L307236S1788,1969-10-14,+1-638-652-2957x4221,"USNS Friedman, FPO AE 39512"
55,Bryan Merritt,F873253Y1598,2001-12-20,001-223-783-4954x98940,"78788 Michael Hills, South Baileyborough, HI 71729"
56,Janice Grimes,P142280S1903,1992-03-17,783.400.2402x0252,"USNS Sanchez, FPO AE 89585"
57,Wendy Barker,Z550638U4971,1968-03-24,241-779-6099x79656,"Unit 2266 Box 0644, DPO AP 99474"
58,Samantha Esparza,W400019D4548,1983-05-30,407-408-2538x09686,"7965 Brandon Fork, Philipberg, SC 46714"
59,Patricia Gibbs,R143450V1216,1973-06-29,212.844.8932x268,"316 Maria Villages, East Susanmouth, OH 70211"
60,William Yoder,W748482H6666,1990-06-09,4417894222,"76834 Griffith Land Apt. 411, Sarahton, MI 35420"
61,Charles Shepard,S342451Z7703,1998-03-11,(771)308-1764x543,"50016 Donald Turnpike Suite 109, Joelchester, OK 21242"
62,James Harris,K816281J1628,1955-01-31,001-816-935-3930x321,"6665 Dorothy Manor Suite 366, Roberttown, AL 48972"
63,Jody Austin,Z534412A9078,1955-05-08,3918836091,"788 Meyer Mews, East Eric, TX 14333"
64,Elizabeth Meyer,G505478P1600,1999-07-27,+1-304-761-5885x166,"0023 Kathleen Mission, Michaelbury, VI 57243"
65,Stephanie Doyle,B787765N6862,1974-10-09,+1-803-537-6705,"88589 Sabrina Way, Joshuaburgh, MA 01900"
66,Lisa Schaefer,J409455D7423,1978-05-08,(407)824-8608x259,"76236 Steele Forks, South Williamtown, VA 84415"
67,John Gomez,L320885C7230,1969-03-20,425.724.9842,"50837 Herring Unions, Donaldport, MN 17418"
68,Diane Fields,Z831808V2292,1955-05-13,(612)750-1646x770,"34682 Willis Ways Suite 911, South Johnside, NC 44012"
69,Jessica Roberts,V960972D6726,1948-10-30,2558137004,"44854 Johnson Divide Suite 270, New Warrenland, AL 30821"
70,Kerry Campbell,V689929P2829,1953-12-05,221-277-7221x54039,"09267 Veronica Walk, Randyberg, WI 11367"
71,Patricia Cruz,J975409X6513,1997-04-09,5334307437,"47451 Jimenez Village, North Susanborough, IN 81839"
72,James Garcia,D832157A5420,1957-01-07,415.654.1510,"75749 Ward Canyon, West Matthewshire, MH 41116"
73,Wanda Peterson,F745098I1708,1949-10-23,(246)226-9160x913,"29299 Cruz Shores, West Emily, NE 18508"
74,Jessica Alexander,H915197C8148,1980-02-23,227-498-9669x31620,"057 James Field Suite 877, Lake Monicafort, WV 96482"
75,Donald Williams,K577346B2118,1962-01-13,600-962-9533x28220,"38302 James Circle, Lake Michael, SD 37880"
76,Cynthia Gomez,T799517K1443,1950-10-21,(971)355-9936,"9388 Martinez Divide Apt. 238, South Jennifer, OK 01458"
77,Rickey Harrison,V159809X6988,1982-01-30,+1-959-267-7933x061,"696 Alexander Isle, Hopkinsland, WI 47098"
78,Anthony Johnson,D584717C2496,1966-06-22,560-205-8728x505,"7414 Morales Estates, Galvanport, ND 41273"
79,Bryan Jones,R597671E3809,2006-08-25,(942)580-3574x42448,"214 Grimes Ville, Dennisshire, TN 01051"
80,Daniel Harris,N647252Y5091,1950-09-19,+1-424-449-0508x782,"USNS Smith, FPO AE 96747"
81,Joshua Harris,Z659832E9014,1950-03-31,223-396-4862,"39093 Roger Lodge, Schultzview, SC 40988"
82,Denise Petersen,Z437119X4104,1995-02-06,(893)413-9974,"86263 Kathryn Stravenue Suite 353, Thomasberg, HI 47255"
83,Larry Alexander,V360287A8870,1957-12-25,(326)272-7268,"3736 Perry Shoals Suite 048, Lopezside, VT 69211"
84,Christopher Alexander,J498223J5024,1986-10-15,882-974-4270,"5865 Andrea Turnpike Apt. 417, Keithchester, VI 68210"
85,Danielle Pena,I782651V4458,1986-12-28,855-817-2120x634,"871 Jay Brook, Williamtown, WI 23043"
86,Kari Russo,U584938A7774,1956-07-23,001-282-224-7649,"2282 Dana Knoll Apt. 658, Evansside, VI 41366"
87,Kelly Perez,C676112W9615,1994-06-24,(960)666-7658x6842,"858 Hammond Valleys, Lake Juanfort, ID 18609"
88,John Vega,A260107R8017,1975-09-10,+1-477-792-3384x78298,"012 Rachel Land Apt. 177, New Lindsay, IN 48730"
89,Glenn Mckee,V337015F6037,1978-02-16,+1-958-724-9469x621,"299 Michael Stravenue, Scottchester, IL 66158"
90,Noah Coleman,N260543Z6671,1950-03-28,819-538-5986x683,"47789 Matthew Wall Suite 776, Hernandezbury, NC 77045"
91,Kelly Benson,Z613740Y6484,1952-02-26,+1-562-516-7230,"3943 Christine Mews Apt. 634, Wesleyberg, IN 09196"
92,Robert Haney,L330841Z4920,2002-06-13,334.384.6814x568,"857 Espinoza Port, South Franciscofurt, PW 50618"
93,Joshua Spencer,F647431R1971,1986-12-19,8874626514,"7885 Brianna Crossroad, North Dylan, MO 91186"
94,Anna Anderson,R172028G2967,1954-02-07,+1-696-805-0340,"8704 Mark Corner Suite 729, New Hannahmouth, FL 72556"
95,Meagan Adams,P584261L8816,1996-01-04,001-527-805-9386x077,"924 Kelsey Wells Suite 697, Port Mary, GU 73068"
96,Kathleen Arellano,W344313W7435,1981-12-03,+1-281-651-9766,"048 Emily Extensions Apt. 345, New Bettyport, WA 49200"
97,Donald Gaines,L191517G2019,1984-11-01,(433)268-0575x221,"8880 Pratt Springs, Masonton, NJ 25998"
98,Meagan Henry,M729121Y9422,1979-08-27,265.662.5375x01598,"37218 Charles Parkways, Aguilarchester, PA 61693"
99,Robert Morales,R301761O1929,1968-11-20,3172089750,"04210 John Locks, Lake Matthew, NE 66814"
100,Victor Leonard,R179009E5439,1952-03-01,832.787.9869x15986,"423 Elizabeth Forest Suite 377, Port Jenniferborough, DC 66399"
